{
  "Actor": {
    "types": [ "character", "geist", "npc" ],
    "templates": {
      "common": {
        "notes": ""
      },
      "actorcommon": {
        "name": "",
        "attributes": {
          "agility": {
            "value": 7,
            "selected": true,
            "skill": {
              "acrobatics": {
                "value": 0,
                "selected": true,
                "focus": 0,
                "complication": 0
              },
              "closecombat": {
                "value": 0,
                "selected": false,
                "focus": 0,
                "complication": 0
              },
              "stealth": {
                "value": 0,
                "selected": false,
                "focus": 0,
                "complication": 0
              }
            }
          },
          "awareness": {
            "value": 7,
            "selected": false,
            "skill": {
              "analysis": {
                "value": 0,
                "selected": false,
                "focus": 0,
                "complication": 0
              },
              "extraplanetary": {
                "value": 0,
                "selected": false,
                "focus": 0,
                "complication": 0
              },
              "observation": {
                "value": 0,
                "selected": false,
                "focus": 0,
                "complication": 0
              },
              "survival": {
                "value": 0,
                "selected": false,
                "focus": 0,
                "complication": 0
              },
              "theivery": {
                "value": 0,
                "selected": false,
                "focus": 0,
                "complication": 0
              }
            }
          },
          "brawn": {
            "value": 7,
            "selected": false,
            "skill": {
              "athletics": {
                "value": 0,
                "selected": false,
                "focus": 0,
                "complication": 0
              },
              "resistance": {
                "value": 0,
                "selected": false,
                "focus": 0,
                "complication": 0
              }
            }
          },
          "coordination": {
            "value": 7,
            "selected": false,
            "skill": {
              "ballistics": {
                "value": 0,
                "selected": false,
                "focus": 0,
                "complication": 0
              },
              "pilot": {
                "value": 0,
                "selected": false,
                "focus": 0,
                "complication": 0
              },
              "spacecraft": {
                "value": 0,
                "selected": false,
                "focus": 0,
                "complication": 0
              }
            }
          },
          "intelligence": {
            "value": 7,
            "selected": false,
            "skill": {
              "education": {
                "value": 0,
                "selected": false,
                "focus": 0,
                "complication": 0
              },
              "hacking": {
                "value": 0,
                "selected": false,
                "focus": 0,
                "complication": 0
              },
              "medicine": {
                "value": 0,
                "selected": false,
                "focus": 0,
                "complication": 0
              },
              "psychology": {
                "value": 0,
                "selected": false,
                "focus": 0,
                "complication": 0
              },
              "science": {
                "value": 0,
                "selected": false,
                "focus": 0,
                "complication": 0
              },
              "tech": {
                "value": 0,
                "selected": false,
                "focus": 0,
                "complication": 0
              }
            }
          },
          "personality": {
            "value": 7,
            "selected": false,
            "skill": {
              "animalhandling": {
                "value": 0,
                "selected": false,
                "focus": 0,
                "complication": 0
              },
              "command": {
                "value": 0,
                "selected": false,
                "focus": 0,
                "complication": 0
              },
              "lifestyle": {
                "value": 0,
                "selected": false,
                "focus": 0,
                "complication": 0
              },
              "persuade": {
                "value": 0,
                "selected": false,
                "focus": 0,
                "complication": 0
              }
            }
          },
          "willpower": {
            "value": 7,
            "selected": false,
            "skill": {
              "discipline": {
                "value": 0,
                "selected": false,
                "focus": 0,
                "complication": 0
              }
            }
          }

        },
        "vigour": {
          "value": 0,
          "max": 0
        },
        "resolve": {
          "value": 0,
          "max": 0
        },
        "firewall": {
          "value": 0,
          "max": 0
        },

        "armor": 0,
        "morale": 0,
        "security": 0

      },

      "itemcommon": {
        "notes": ""
      }

    },
    "character": {
      "templates": [ "actorcommon" ],
      "faction": "",
      "infinitypoints": {
        "value": 3,
        "max": 3
      }
    },
    "geist": {
      "templates": [ "actorcommon" ]
    }
  },

    "Item": {
      "types": [ "weapon", "talent" ],
      "templates": {
        "itemcommon": {
          "description": ""
        }
      },
      "weapon": {
        "attackWith": "ballistics",
        "flatdamage": 0,
        "damagedice": 0,
        "size": 0,
        "restriction": 0,
        "cost": 0,
        "tariff": 0,
        "description": "",
        "qualities": {
          "area": false,
          "aug": false,
          "comms": false,
          "disposable": false,
          "fragile": false,
          "nfb": false,
          "neural": false,
          "nonhackable": false,
          "biotech": false,
          "blinding": false,
          "breacheffect": false,
          "breaker": false,
          "deafening": false,
          "e/m": false,
          "extendedreach": false,
          "frangible": false,
          "grievous": false,
          "guided": false,
          "immobilising": false,
          "indiscriminate": false,
          "knockdown": false,
          "monofilament": false,
          "multi": false,
          "nanotech": false,
          "speculativefire": false,
          "stun": false,
          "thrown": false,
          "improvised": 0,
          "subtle": 0,
          "unsubtle": 0,
          "antimateriel": 0,
          "backlash": 0,
          "incendiary": 0,
          "parry": 0,
          "piercing": 0,
          "radiation": 0,
          "reflective": 0,
          "smoke": 0,
          "spread": 0,
          "terrifying": 0,
          "toxic": 0,
          "unforgiving": 0,
          "vicious": 0

        }

      },
      "talent": {
        "prerequisite": ""
      }
    }

  }
